{"$schema":"http://schema.management.azure.com/schemas/2015-01-01/deploymentTemplate.json#","contentVersion":"1.0.0.0","parameters":{"factoryName":{"type":"string","metadata":"Data Factory name"},"LS_ControlDetail":{"type":"string"},"SqlServer1":{"type":"string"}},"variables":{"factoryId":"[concat('Microsoft.DataFactory/factories/', parameters('factoryName'))]"},"resources":[{"name":"[concat(parameters('factoryName'), '/Pip_SourceToStaging')]","type":"Microsoft.DataFactory/factories/pipelines","apiVersion":"2018-06-01","properties":{"activities":[{"name":"Control Table","type":"Lookup","dependsOn":[],"policy":{"timeout":"0.12:00:00","retry":0,"retryIntervalInSeconds":30,"secureOutput":false,"secureInput":false},"userProperties":[],"typeProperties":{"source":{"type":"AzureSqlSource","sqlReaderQuery":"select * from ods.controldetail (NOLOCK) where isreadyforexecution = 1 and isapplicable = 1","queryTimeout":"02:00:00","partitionOption":"None"},"dataset":{"referenceName":"DS_ControlDetail","type":"DatasetReference","parameters":{}},"firstRowOnly":false}},{"name":"ForEach Container","type":"ForEach","dependsOn":[{"activity":"Control Table","dependencyConditions":["Succeeded"]}],"userProperties":[],"typeProperties":{"items":{"value":"@activity('Control Table').output.value","type":"Expression"},"activities":[{"name":"Pre Process","description":"Preprocess run in DWH.","type":"Lookup","dependsOn":[],"policy":{"timeout":"0.12:00:00","retry":0,"retryIntervalInSeconds":30,"secureOutput":false,"secureInput":false},"userProperties":[],"typeProperties":{"source":{"type":"AzureSqlSource","sqlReaderQuery":{"value":"@concat('DECLARE @batchid int;',\r\n'EXEC ods.usp_etlpreprocess ',item().sourceid,',',item().targetobject,',',item().dataflowflag,',','@batchid OUTPUT;',\r\n'SELECT @batchid AS batchid')","type":"Expression"},"queryTimeout":"02:00:00","partitionOption":"None"},"dataset":{"referenceName":"DS_DWH","type":"DatasetReference","parameters":{"targetschemaname":{"value":"NULL","type":"Expression"},"targetobjectname":{"value":"NULL","type":"Expression"}}},"firstRowOnly":false}},{"name":"SourceToStaging","type":"Copy","dependsOn":[{"activity":"Pre Process","dependencyConditions":["Succeeded"]}],"policy":{"timeout":"0.12:00:00","retry":0,"retryIntervalInSeconds":30,"secureOutput":false,"secureInput":false},"userProperties":[],"typeProperties":{"source":{"type":"SqlServerSource","sqlReaderQuery":{"value":"@if(equals(item().loadtype, 'Incremental'), concat(item().sourcequery,' ', item().operator, ' ', 'cast (','''', item().etllastrundate, '''',' as date)'), item().sourcequery)","type":"Expression"},"queryTimeout":"02:00:00","partitionOption":"None"},"sink":{"type":"AzureSqlSink","writeBehavior":"insert","sqlWriterUseTableLock":true,"disableMetricsCollection":false},"enableStaging":false,"translator":{"type":"TabularTranslator","typeConversion":true,"typeConversionSettings":{"allowDataTruncation":true,"treatBooleanAsNumber":false}}},"inputs":[{"referenceName":"DS_Source","type":"DatasetReference","parameters":{"sourceschema":{"value":"@item().sourceschema","type":"Expression"},"sourceobject":{"value":"@item().sourceobject","type":"Expression"},"sourcequery":{"value":"@item().sourcequery","type":"Expression"},"etllastrundate":{"value":"@item().etllastrundate","type":"Expression"}}}],"outputs":[{"referenceName":"DS_DWH","type":"DatasetReference","parameters":{"targetschemaname":{"value":"@item().targetschemaname","type":"Expression"},"targetobjectname":{"value":"@item().targetobject","type":"Expression"}}}]},{"name":"Error Log","type":"SqlServerStoredProcedure","dependsOn":[{"activity":"SourceToStaging","dependencyConditions":["Failed"]}],"policy":{"timeout":"0.12:00:00","retry":0,"retryIntervalInSeconds":30,"secureOutput":false,"secureInput":false},"userProperties":[],"typeProperties":{"storedProcedureName":"[[ODS].[usp_etlerrorinsert]","storedProcedureParameters":{"p_batchid":{"value":{"value":"@activity('Pre Process').output.firstRow.batchid","type":"Expression"},"type":"Int32"},"p_dataflowflag":{"value":{"value":"@item().dataflowflag","type":"Expression"},"type":"String"},"p_errordesc":{"value":{"value":"@activity('SourceToStaging').output.errors[0].Message","type":"Expression"},"type":"String"},"p_errorid":{"value":{"value":"@activity('SourceToStaging').output.errors[0].Code","type":"Expression"},"type":"Int32"},"p_errorline":{"value":null,"type":"Int32"},"p_packagename":{"value":{"value":"@item().targetprocedurename","type":"Expression"},"type":"String"},"p_sourceid":{"value":{"value":"@item().sourceid","type":"Expression"},"type":"String"},"p_targetobject":{"value":{"value":"@item().targetobject","type":"Expression"},"type":"String"},"p_taskname":{"value":{"value":"@item().jobname","type":"Expression"},"type":"String"}}},"linkedServiceName":{"referenceName":"[parameters('LS_ControlDetail')]","type":"LinkedServiceReference"}},{"name":"Post Process success","type":"SqlServerStoredProcedure","dependsOn":[{"activity":"SourceToStaging","dependencyConditions":["Succeeded"]}],"policy":{"timeout":"0.12:00:00","retry":0,"retryIntervalInSeconds":30,"secureOutput":false,"secureInput":false},"userProperties":[],"typeProperties":{"storedProcedureName":"[[ODS].[usp_etlpostprocess]","storedProcedureParameters":{"pbatchid":{"value":{"value":"@activity('Pre Process').output.firstRow.batchid","type":"Expression"},"type":"Int32"},"pdataflowflag":{"value":{"value":"@item().dataflowflag","type":"Expression"},"type":"String"},"pinsertcount":{"value":{"value":"@activity('SourceToStaging').output.rowsCopied","type":"Expression"},"type":"Int32"},"psourcecount":{"value":{"value":"@activity('SourceToStaging').output.rowsRead","type":"Expression"},"type":"Int32"},"psourceid":{"value":{"value":"@item().sourceid","type":"Expression"},"type":"String"},"ptargetobject":{"value":{"value":"@item().targetobject","type":"Expression"},"type":"String"},"pupdatecount":{"value":null,"type":"Int32"}}},"linkedServiceName":{"referenceName":"[parameters('LS_ControlDetail')]","type":"LinkedServiceReference"}},{"name":"Post Process on failure","type":"SqlServerStoredProcedure","dependsOn":[{"activity":"Error Log","dependencyConditions":["Succeeded"]}],"policy":{"timeout":"0.12:00:00","retry":0,"retryIntervalInSeconds":30,"secureOutput":false,"secureInput":false},"userProperties":[],"typeProperties":{"storedProcedureName":"[[ODS].[usp_etlpostprocess]","storedProcedureParameters":{"pbatchid":{"value":{"value":"@activity('Pre Process').output.firstRow.batchid","type":"Expression"},"type":"Int32"},"pdataflowflag":{"value":{"value":"@item().dataflowflag","type":"Expression"},"type":"String"},"pinsertcount":{"value":{"value":"@activity('SourceToStaging').output.rowsCopied","type":"Expression"},"type":"Int32"},"psourcecount":{"value":{"value":"@activity('SourceToStaging').output.rowsRead","type":"Expression"},"type":"Int32"},"psourceid":{"value":{"value":"@item().sourceid","type":"Expression"},"type":"String"},"ptargetobject":{"value":{"value":"@item().targetobject","type":"Expression"},"type":"String"},"pupdatecount":{"value":null,"type":"Int32"}}},"linkedServiceName":{"referenceName":"[parameters('LS_ControlDetail')]","type":"LinkedServiceReference"}}]}}],"policy":{"elapsedTimeMetric":{}},"annotations":[],"lastPublishTime":"2023-12-19T06:22:53Z"},"dependsOn":["[concat(variables('factoryId'), '/datasets/DS_ControlDetail')]","[concat(variables('factoryId'), '/datasets/DS_DWH')]","[concat(variables('factoryId'), '/datasets/DS_Source')]"]},{"name":"[concat(parameters('factoryName'), '/DS_ControlDetail')]","type":"Microsoft.DataFactory/factories/datasets","apiVersion":"2018-06-01","properties":{"linkedServiceName":{"referenceName":"[parameters('LS_ControlDetail')]","type":"LinkedServiceReference"},"annotations":[],"type":"AzureSqlTable","schema":[{"name":"id","type":"int","precision":10},{"name":"sourcename","type":"varchar"},{"name":"sourcetype","type":"varchar"},{"name":"sourcedescription","type":"varchar"},{"name":"sourceid","type":"varchar"},{"name":"sourceschema","type":"varchar"},{"name":"sourceobject","type":"varchar"},{"name":"dataflowflag","type":"varchar"},{"name":"isreadyforexecution","type":"int","precision":10},{"name":"loadtype","type":"varchar"},{"name":"loadfrequency","type":"varchar"},{"name":"flowstatus","type":"varchar"},{"name":"targetname","type":"varchar"},{"name":"targetschemaname","type":"varchar"},{"name":"targetobject","type":"varchar"},{"name":"targetprocedurename","type":"varchar"},{"name":"jobname","type":"varchar"},{"name":"createddate","type":"datetime","precision":23,"scale":3},{"name":"lastupdateddate","type":"datetime","precision":23,"scale":3},{"name":"createduser","type":"varchar"},{"name":"isapplicable","type":"int","precision":10},{"name":"profilename","type":"varchar"},{"name":"emailto","type":"varchar"},{"name":"archcondition","type":"varchar"},{"name":"isdecomreq","type":"int","precision":10},{"name":"archintvlcond","type":"varchar"},{"name":"sourcequery","type":"varchar"},{"name":"sourcecallingseq","type":"int","precision":10},{"name":"etllastrundate","type":"datetime","precision":23,"scale":3},{"name":"latestbatchid","type":"int","precision":10},{"name":"executiontype","type":"varchar"},{"name":"intervaldays","type":"int","precision":10},{"name":"remarks","type":"varchar"}],"typeProperties":{"schema":"ODS","table":"controldetail"}},"dependsOn":[]},{"name":"[concat(parameters('factoryName'), '/DS_DWH')]","type":"Microsoft.DataFactory/factories/datasets","apiVersion":"2018-06-01","properties":{"linkedServiceName":{"referenceName":"[parameters('LS_ControlDetail')]","type":"LinkedServiceReference"},"parameters":{"targetschemaname":{"type":"string"},"targetobjectname":{"type":"string"}},"annotations":[],"type":"AzureSqlTable","schema":[],"typeProperties":{"schema":{"value":"@dataset().targetschemaname","type":"Expression"},"table":{"value":"@dataset().targetobjectname","type":"Expression"}}},"dependsOn":[]},{"name":"[concat(parameters('factoryName'), '/DS_Source')]","type":"Microsoft.DataFactory/factories/datasets","apiVersion":"2018-06-01","properties":{"linkedServiceName":{"referenceName":"[parameters('SqlServer1')]","type":"LinkedServiceReference"},"parameters":{"sourceschema":{"type":"string"},"sourceobject":{"type":"string"},"sourcequery":{"type":"string"},"etllastrundate":{"type":"string"}},"annotations":[],"type":"SqlServerTable","schema":[],"typeProperties":{"schema":{"value":"@dataset().sourceschema","type":"Expression"},"table":{"value":"@dataset().sourceobject","type":"Expression"}}},"dependsOn":[]}]}